{"assets/.DS_Store":["assets/.DS_Store"],"assets/AboutUs.png":["assets/AboutUs.png"],"assets/Courses.png":["assets/Courses.png"],"assets/FAQ.png":["assets/FAQ.png"],"assets/Fitness.png":["assets/Fitness.png"],"assets/Forums.png":["assets/Forums.png"],"assets/InPersonTrainings.png":["assets/InPersonTrainings.png"],"assets/Settings.png":["assets/Settings.png"],"assets/Steak.png":["assets/Steak.png"],"assets/The_Immortal_Man_First_Icon_Updated.png":["assets/The_Immortal_Man_First_Icon_Updated.png"],"assets/fire.png":["assets/fire.png"],"assets/nutrition.png":["assets/nutrition.png"],"assets/placeholder_logo.webp":["assets/placeholder_logo.webp"],"packages/cupertino_icons/assets/CupertinoIcons.ttf":["packages/cupertino_icons/assets/CupertinoIcons.ttf"]}